Payment Plan,Cost per Credit,Deposit,Loan Duration,Product Price,Product Price Weighted Llr 200,Deposit to Price Ratio
MK +Phone Nokia C22 2/64 V1 CG,65,1199,385,26224,0.134941139,0.045721477
MK +Phone Nokia C22 2/64 v1 GT,60,2499,400,26499,0.236011829,0.094305445
MK +Phone Nokia C22 2/64 v1 NEW GT 60% Pilot,60,2499,400,26499,0.195830883,0.094305445
MK +Phone Nokia C22 2/64 v2 CG,65,1199,385,26224,0.159148655,0.045721477
MK +Phone Nokia C22 2/64 v2 CG 75% Pilot,65,1199,385,26224,0.179316255,0.045721477
MK +Phone Nokia C22 2/64 v2 GT,60,2499,400,26499,0.170817913,0.094305445
MK +Phone Nokia C31 4/64 v1,65,1999,420,29299,0.197137849,0.068227585
MK +Phone Nokia C31 4/64 v1 CG,80,1399,390,32599,0.220847815,0.042915427
MK +Phone Nokia C31 4/64 v1 GT,75,2999,395,32624,0.14789459,0.091926189
MK +Phone Nokia C31 4/64 v2 NEW GT 60% Pilot,75,2999,395,32624,0.181477226,0.091926189
MK +Phone Nokia C31 4/64 v3 CG,80,1399,390,32599,0.171807578,0.042915427
MK +Phone Nokia C31 4/64 v3 GT,75,2999,395,32624,0.198227883,0.091926189
MK +Phone Nokia C31 4/64 v4 CG 75% Pilot,80,1399,390,32599,0.193087005,0.042915427
MK +Phone Nokia C31 4/64 v6 DS,85,1999,400,35999,0.321182589,0.05552932
MK +Phone Nokia C31 4/64 v7,85,1899,400,35899,0.359372224,0.052898409
MK +Phone Nokia G21 4/64 CSTR 1,85,1799,410,36649,0.547418041,0.049087288
MK +Phone Nokia G21 4/64 DS v1 CG,90,1999,410,38899,0.184026896,0.051389496
MK +Phone Nokia G21 4/64 DS v1 GT,90,3999,390,39099,0.205629411,0.102278831
MK +Phone Nokia G21 4/64 DS v2 NEW GT 60% Pilot,90,3999,390,39099,0.112394138,0.102278831
MK +Phone Nokia G21 4/64 v3,70,1999,365,27549,0.062087564,0.072561617
MK +Phone Nokia T10 Tablet 4/64 CG v1,100,2899,385,41399,0.230984813,0.070025846
MK +Phone Nokia T10 Tablet 4/64 CG v2,100,2199,385,40699,0.233865748,0.054030812
MK +Phone Nokia T10 Tablet 4/64 GT v1,95,4699,400,42699,0.08472815,0.110049416
MK +Phone Samsung A03 Core 2/32  DS v16,55,1499,400,23499,0.129715728,0.063789949
MK +Phone Samsung A03 Core 2/32 DS NEW GT 60% Pilot,65,2499,370,26549,0.178845979,0.094127839
MK +Phone Samsung A03 Core 2/32 DS NEW v2 GT 60% Pilot,70,2599,385,29549,0.256740784,0.087955599
MK +Phone Samsung A03 Core 2/32 DS v1 CG,65,1199,390,26549,0.16425653,0.045161776
MK +Phone Samsung A03 Core 2/32 DS v1 GT,65,2499,370,26549,0.179688452,0.094127839
MK +Phone Samsung A03 Core 2/32 DS v2 CG,70,1299,400,29299,0.188254259,0.044335984
MK +Phone Samsung A03 Core 2/32 DS v2 GT,70,2599,385,29549,0.221039338,0.087955599
MK +Phone Samsung A03 Core 2/32 DS v3 CG,70,1299,400,29299,0.162090408,0.044335984
MK +Phone Samsung A03 Core 2/32 DS v3 CG 75% Pilot,70,1299,400,29299,0.173860616,0.044335984
MK +Phone Samsung A03 Core 2/32 DS v3 GT,70,2599,380,29199,0.219970443,0.089009898
MK +Phone Samsung A03 Core 2/32 DS v3 GT 60% Pilot,70,2599,380,29199,0.205758374,0.089009898
MK +Phone Samsung A03 Core 2/32 v22 DS,70,1499,410,30199,0.091972092,0.049637405
MK +Phone Samsung A03 Core 2/32 v23 DS,70,1499,390,28799,0.199791077,0.052050418
MK +Phone Samsung A04S 4/64 CSTR1 v1,80,2999,400,34999,0.191507803,0.085688163
MK +Phone Samsung A04S 4/64 CSTR1 v3 DS,90,2499,410,39399,0.091197911,0.063428006
MK +Phone Samsung A04S 4/64 DS v4 CG,80,2299,410,35099,0.09687453,0.065500442
MK +Phone Samsung A04S 4/64 DS v7 GT,100,3799,390,42799,0.218247834,0.088763756
MK +Phone Samsung A04S 4/64 DS v8 CG,100,2799,400,42799,0.160932473,0.065398724
MK +Phone Samsung A04S 4/64 DS v9 CG 75% Pilot,100,2799,400,42799,0.158960288,0.065398724
MK +Phone Samsung A14 4/128 v2 CG,120,3799,410,52999,0.156047381,0.071680598
MK +Phone Samsung A14 4/128 v2 GT,120,4999,400,52999,0.168871225,0.094322534
MK +Phone Samsung A24 4/128 v3 CG,150,3999,390,62499,0.137903748,0.063985024
MK Phone Nokia C22 2/64 Insurance Pilot v2,65,3199,365,26924,0.139118714,0.118815926
MK Phone Nokia C22 2/64 v1,65,3199,365,26924,0.221640722,0.118815926
MK Phone Nokia C22 2/64 v1 HRA,65,3199,365,26924,0.20412073,0.118815926
MK Phone Nokia C22 2/64 v2,65,3199,365,26924,0.160891375,0.118815926
MK Phone Nokia C22 2/64 v2 HRA,65,3199,365,26924,0.186124625,0.118815926
MK Phone Nokia C31 4/64 Insurance Pilot v2,80,3699,365,32899,0.172469818,0.112435028
MK Phone Nokia C31 4/64 Insurance Pilot v4,80,3699,365,32899,0.153628211,0.112435028
MK Phone Nokia C31 4/64 v1,70,4299,365,29849,0.063455502,0.144024925
MK Phone Nokia C31 4/64 v2 HRA,70,4299,365,29849,0.164882138,0.144024925
MK Phone Nokia C31 4/64 v5,80,3499,365,32699,0.096513681,0.10700633
MK Phone Nokia C31 4/64 v5 HRA,80,3499,365,32699,0.185419848,0.10700633
MK Phone Nokia C31 4/64 v6,80,3699,365,32899,0.163560409,0.112435028
MK Phone Nokia C31 4/64 v6 HRA,80,3699,365,32899,0.209442827,0.112435028
MK Phone Nokia C31 4/64 v8,80,3699,365,32899,0.171357103,0.112435028
MK Phone Nokia C31 4/64 v8 HRA,80,3699,365,32899,0.210200296,0.112435028
MK Phone Nokia C32 4/128 PLAK Insurance Pilot v1,85,3899,365,34924,0.115401978,0.111642424
MK Phone Nokia C32 4/128 PLAK v1,85,3899,365,34924,0.113943278,0.111642424
MK Phone Nokia G21 4/64 HMD v20,95,4899,365,39574,0.071176758,0.1237934
MK Phone Nokia G21 4/64 HMD v20 HRA,95,4899,365,39574,0.411534485,0.1237934
MK Phone Nokia G21 4/64 Insurance Pilot v1,95,4899,365,39574,0.167353257,0.1237934
MK Phone Nokia G21 4/64 v18 HRA,95,4899,365,39574,0.231966395,0.1237934
MK Phone Nokia G21 4/64 v20,95,4899,365,39574,0.184289064,0.1237934
MK Phone Nokia T10 Tablet 4/64 v1,100,6799,365,43299,0.257036776,0.157024412
MK Phone Nokia T10 Tablet 4/64 v2,100,6099,365,42599,0.25287276,0.143172375
MK Phone Samsung A03 Core 2/32 28 DS,71,3399,365,29314,0.158614185,0.115951423
MK Phone Samsung A03 Core 2/32 Insurance Pilot v2,65,3199,365,26924,0.244897418,0.118815926
MK Phone Samsung A03 Core 2/32 Insurance Pilot v3,71,3699,365,29614,0.143054666,0.124907139
MK Phone Samsung A03 Core 2/32 Insurance Pilot v4,71,3399,365,29314,0.149303333,0.115951423
MK Phone Samsung A03 Core 2/32 v1 FE Pilot,71,3399,365,29314,0.146169129,0.115951423
MK Phone Samsung A03 Core 2/32 v19 DS,75,3499,365,30874,0.089510811,0.113331606
MK Phone Samsung A03 Core 2/32 v26 DS,65,3199,365,26924,0.195387789,0.118815926
MK Phone Samsung A03 Core 2/32 v26 DS HRA,65,3199,365,26924,0.224051575,0.118815926
MK Phone Samsung A03 Core 2/32 v27 DS,71,3699,365,29614,0.163601038,0.124907139
MK Phone Samsung A03 Core 2/32 v27 DS HRA,71,3699,365,29614,0.09252579,0.124907139
MK Phone Samsung A03 Core 2/32 v28 DS HRA,71,3399,365,29314,0.168616452,0.115951423
MK Phone Samsung A04 4/64 ST Pilot v1,90,4999,365,37849,0.119917596,0.132077466
MK Phone Samsung A04e 3/32 v1 FE Pilot,80,4699,365,33899,0.139183664,0.138617658
MK Phone Samsung A04e 3/32 v1 ST Pilot,80,4699,365,33899,0.179549413,0.138617658
MK Phone Samsung A04e 3/64 v1 ST Pilot,70,4199,365,29749,0.039843937,0.141147602
MK Phone Samsung A04e 3/64 v2 ST Pilot,85,4899,365,35924,0.141586946,0.136371228
MK Phone Samsung A04S 4/64 DS v10 HRA,105,4499,365,42824,0.167852967,0.105057911
MK Phone Samsung A04S 4/64 DS v5,85,4199,365,35224,0.06473446,0.119208494
MK Phone Samsung A04S 4/64 DS v6 HRA,85,4199,365,35224,0.074850857,0.119208494
MK Phone Samsung A04S 4/64 DS v7 HRA,105,4999,365,43324,0.474743522,0.115386391
MK Phone Samsung A04S 4/64 DS v8,105,4999,365,43324,0.149258979,0.115386391
MK Phone Samsung A04S 4/64 DS v9,105,4499,365,42824,0.168128447,0.105057911
MK Phone Samsung A04S 4/64 FE Pilot v1,105,4499,365,42824,0.13662134,0.105057911
MK Phone Samsung A04S 4/64 Insurance Pilot v2,105,4999,365,43324,0.242909588,0.115386391
MK Phone Samsung A04S 4/64 Insurance Pilot v4,105,4499,365,42824,0.154187409,0.105057911
MK Phone Samsung A13 4/64 v13,90,5599,365,38449,0.143966108,0.145621473
MK Phone Samsung A14 4/128 Insurance Pilot v6,130,5599,365,53049,0.187276377,0.105543931
MK Phone Samsung A14 4/128 v1 ST Pilot,135,6299,365,55574,0.06951872,0.11334437
MK Phone Samsung A14 4/128 v2 ST Pilot,130,5599,365,53049,0.160702208,0.105543931
MK Phone Samsung A14 4/128 v4,130,5599,365,53049,0.193256904,0.105543931
MK Phone Samsung A14 4/128 v5 HRA,130,5599,365,53049,0.260646257,0.105543931
MK Phone Samsung A14 4/64 v2 FE Pilot,115,5599,365,47574,0.153480577,0.117690335
MK Phone Samsung A23 4/128  ST Pilot v2,120,9699,365,53499,0.132079564,0.181293108
MK Phone Samsung A23 4/64 v13,100,6999,365,43499,0.190019074,0.160900251
MK Phone Samsung A23 4/64 v15 DS,100,6999,365,43499,0.258734714,0.160900251
MK Phone Samsung A23 4/64 v16 DS HRA,100,6999,365,43499,0.123647207,0.160900251
MK Phone Samsung A24 4/128 Insurance Pilot v7,150,7699,365,62449,0.106589107,0.1232846
MK Phone Samsung A24 4/128 v5 HRA,150,7999,365,62749,0.108307936,0.127476135
MK Phone Samsung A24 4/128 v6,150,7699,365,62449,0.135995987,0.1232846
